,ID,delta_logit_psi,exons,exon_id,gene_id,gene_name,transcript_id,ref_acceptorIntron,ref_acceptor,ref_exon,ref_donor,ref_donorIntron,alt_acceptorIntron,alt_acceptor,alt_exon,alt_donor,alt_donorIntron,pathogenicity,efficiency
0,10:27944217:C:['G'],-4.003979329160544,10:27944221-27944431:-,ENSE00002527248,ENSG00000169126,ODAD2,ENST00000305242,-2.8004768,4.1581984,-4.286744,6.2502246,-0.09631093,-2.8004768,4.1581984,-4.286744,0.9115418,-0.09631093,0.999991933886729,-5.698394310616438
5,10:71646458:G:['A'],-1.8877471992191053,10:71646458-71646782:+,ENSE00003828265,ENSG00000107736,CDH23,ENST00000643732,-4.221258,4.1114535,-3.532898,-3.0272548,0.10508263,-4.221258,1.5003942,-3.532898,-3.0272548,0.10508263,0.9999903457435694,-1.2469778114517205
15,11:64757779:C:['T'],-2.259598079771242,11:64757778-64757910:-,ENSE00000863658,ENSG00000068976,PYGM,ENST00000164139,-4.0561767,1.937288,-2.6285157,4.7502685,-0.08986367,-4.0561767,1.937288,-3.0990725,2.2724245,-0.08986367,0.9946738814075359,-3.453463413013271
17,11:71497476:T:['A'],-2.2570454846613393,11:71497482-71497611:+,ENSE00003487602,ENSG00000172890,NADSYN1,ENST00000319023,-3.6419456,2.9229283,-2.9579623,3.8904355,-0.13407844,-3.8187573,0.13821608,-2.9579623,3.8904355,-0.13407844,0.9996110874496117,-1.3217639956324518
21,12:49188973:TC:['T'],-2.5954122750226993,12:49188976-49189080:-,ENSE00002388835,ENSG00000167552,TUBA1A,ENST00000301071,-1.2655714,1.9573927,-2.6750674,3.548405,0.16597524,-1.2655714,1.9573927,-2.6750674,-0.17466491,0.20814984,0.9996100404001433,-4.0109920562505685
27,12:89603041:A:['C'],-3.8381121427111093,12:89603042-89603766:-,ENSE00002379194,ENSG00000070961,ATP2B1,ENST00000552275,-1.2655714,1.8639283,-5.175856,3.8182487,0.4052175,-1.2655714,1.8639283,-5.175856,-1.2993115,0.4052175,0.9999976287340541,-5.467446511208666
34,13:110170546:C:['T'],-4.311386619633795,13:110170546-110170732:-,ENSE00001366193,ENSG00000187498,COL4A1,ENST00000375820,-3.0096,5.774143,-3.393507,5.873417,0.1717993,-3.0096,5.774143,-3.393507,0.124920905,0.1717993,0.9999967790745605,-6.126417711606277
35,13:76992276:G:['A'],-4.396108448175098,13:76990659-76992271:+,ENSE00001473981,ENSG00000102805,CLN5,ENST00000636183,-1.2655714,1.3968879,-3.9233723,5.6897726,0.10269779,-1.2655714,1.3968879,-3.9233723,-0.17166835,0.10269779,0.999999050841388,-6.2443814890251526
48,14:21403664:C:['G'],-2.4730494399243383,14:21403452-21403663:-,ENSE00001207501,ENSG00000100888,CHD8,ENST00000555935,-2.0078168,6.576817,-3.4751782,4.319219,0.35336766,-2.0078168,3.1564682,-3.4751782,4.319219,0.35336766,0.9999461569252768,-1.5955099086000355
56,14:23414002:C:['T'],-3.5279456868748955,14:23414006-23414102:-,ENSE00001617095,ENSG00000092054,MYH7,ENST00000355349,-4.0159874,3.1855264,-1.9486036,5.4346232,-0.17671546,-4.0159874,3.1855264,-1.9486036,0.7305546,-0.17671546,0.9999707494449557,-5.035581342703389
57,14:23414003:T:['A'],-2.8868047553155454,14:23414006-23414102:-,ENSE00001617095,ENSG00000092054,MYH7,ENST00000355349,-4.0159874,3.1855264,-1.9486036,5.4346232,-0.17671546,-4.0159874,3.1855264,-1.9486036,1.5852778,-0.17671546,0.9997082217610098,-4.142878630229152
58,15:25356056:C:['G'],-0.8451050803239638,15:25355891-25356056:-,ENSE00000778627,ENSG00000114062,UBE3A,ENST00000675177,-2.64267,0.31150842,-4.1327767,3.0375667,0.89837223,-2.64267,-0.9674433,-4.039946,3.0375667,0.89837223,0.9904646412921893,-0.526703307953935
73,15:44622360:G:['C'],-1.3792430459713245,15:44622219-44622347:-,ENSE00001183213,ENSG00000104133,SPG11,ENST00000684235,-2.6490543,2.7763653,-4.206977,2.208355,0.76271385,-2.6296887,0.8315009,-4.206977,2.208355,0.76271385,0.9969378896752883,-0.960071563510297
94,15:64976556:C:['T'],-2.366976387490004,15:64976474-64976555:-,ENSE00003580742,ENSG00000090487,SPG21,ENST00000204566,-2.770355,2.8741577,-4.784804,3.634425,0.49336278,-2.770355,-0.3995254,-4.784804,3.634425,0.49336278,0.99997533204994,-1.532346194462675
102,15:89642204:T:['C'],-0.46009807439301675,15:89642202-89642405:-,ENSE00001382537,ENSG00000166813,KIF7,ENST00000394412,-3.8964996,5.4797163,-2.4053335,4.7832875,0.087261856,-3.8964996,5.4797163,-2.3746967,4.134198,0.087261856,0.4349081455323808,-0.7520428590177513
103,16:3739724:C:['A'],-1.6159445319348376,16:3739577-3739724:-,ENSE00003468107,ENSG00000005339,CREBBP,ENST00000576720,-4.050428,4.568909,-3.6101656,2.9012613,0.1058549,-4.050428,2.3638432,-3.635738,2.9012613,0.1058549,0.9991374105414599,-1.1125107924254356
107,16:89779855:GCAGCCCAGCCT:['G'],-1.453029466712731,16:89779868-89779957:-,ENSE00002299731,ENSG00000187741,FANCA,ENST00000568369,-3.5523279,0.89421904,-2.8472018,4.4154654,-0.05354844,-3.5523279,0.89421904,-2.8472018,2.2161262,-0.01150056,0.9737424092427395,-2.4195545547280384
110,17:19347784:C:['T'],-2.3985498797524922,17:19347783-19347872:-,ENSE00003818218,ENSG00000108641,B9D1,ENST00000647056,-4.1400914,0.7480597,-3.1448157,3.9058247,0.35312927,-4.1400914,0.7480597,-3.7041774,1.343774,0.35312927,0.9979991797756917,-3.6816386816079696
111,17:31214586:G:['GT'],-5.473880409333423,17:31214450-31214585:+,ENSE00003649334,ENSG00000196712,NF1,ENST00000579081,-2.2910898,3.7306132,-4.7137704,3.4961872,0.45232123,-2.2910898,3.7306132,-4.7137704,-4.0541115,0.4928649,0.9999999867845941,-8.008283175604223
118,17:63483976:G:['C'],-2.8861006566615406,17:63483848-63483971:+,ENSE00003583833,ENSG00000159640,ACE,ENST00000290866,-3.9623153,6.3466654,-3.634694,1.9965378,0.1545519,-3.9623153,6.3466654,-3.634694,-1.851869,0.1545519,0.9999317794141857,-4.1418982673364715
121,17:76733216:G:['GT'],-3.5451930677512142,17:76732655-76733215:+,ENSE00002786090,ENSG00000181038,METTL23,ENST00000588964,-1.2655714,1.5737021,-4.3278174,5.3102803,0.7221719,-1.2655714,1.5737021,-4.3278174,0.63300574,0.71416336,0.9999431633608151,-5.0075968005125695
135,17:80104542:T:['G'],-1.0463378082379386,17:80104554-80105132:+,ENSE00001291648,ENSG00000171298,GAA,ENST00000577106,-3.8620203,7.7970047,-2.85284,1.4396158,0.059102193,-4.036515,6.6819067,-2.85284,1.4396158,0.059102193,0.9149766271607114,-0.602720885257939
139,18:45876346:TAAAGA:['T'],-2.104715466377558,18:45876235-45876342:-,ENSE00003658774,ENSG00000152223,EPG5,ENST00000585906,-2.914284,2.4888198,-3.7429113,2.9841292,0.77138144,-2.9917595,-0.27458435,-3.7429113,2.9841292,0.77138144,0.9997661886370952,-1.312587323795976
142,18:62143352:A:['C'],-1.4329155837763157,18:62143305-62143346:-,ENSE00003607433,ENSG00000197563,PIGN,ENST00000589414,-2.3251855,3.375182,-2.8373594,2.2167947,0.76379466,-2.3251855,1.3930124,-2.8373594,2.2167947,0.76379466,0.9985238518981943,-0.9761375416645665
176,19:38442455:T:['C'],-0.8411694272606097,19:38442348-38442453:+,ENSE00000780497,ENSG00000196218,RYR1,ENST00000355481,-4.292702,6.1894755,-2.7627325,4.8731866,0.41070005,-4.292702,6.1894755,-2.7627325,3.7509358,0.41070005,0.6608094597633964,-1.2946059397828988
178,19:41968916:C:['A'],-2.483260825504961,19:41968784-41968915:-,ENSE00003570158,ENSG00000105409,ATP1A3,ENST00000648268,-3.855646,3.2326555,-2.7391596,2.8834283,0.24042767,-3.855646,-0.2018125,-2.7391596,2.8834283,0.24042767,0.9999877927595688,-1.6015905202630218
184,19:42287241:G:['T'],-5.27020624070004,19:42287005-42287240:+,ENSE00000952289,ENSG00000079432,CIC,ENST00000572681,-4.341772,4.544694,-3.231429,2.8381698,0.005442828,-4.341772,4.544694,-3.231429,-4.1885557,0.005442828,0.9999999848736498,-7.461445369905338
189,19:48970707:TACC:['T'],-4.289536410366257,19:48970545-48970709:-,ENSE00001058877,ENSG00000104812,GYS1,ENST00000323798,-4.5565906,3.154419,-2.1004353,3.574395,0.41137618,-4.650507,-2.6961305,-2.0177608,3.574395,0.41137618,0.9999999937734734,-2.511563909426952
191,1:11794724:C:['G'],-2.515313220318657,1:11794728-11795348:-,ENSE00003811790,ENSG00000177000,MTHFR,ENST00000641805,-3.8763149,2.8687484,-2.8116274,3.7046335,0.2571523,-3.8763149,2.8687484,-2.8116274,0.35053396,0.2571523,0.9996390449803352,-3.6256265182069747
202,1:12257090:A:['G'],-1.1412474388315421,1:12256986-12257087:+,ENSE00003743286,ENSG00000048707,VPS13D,ENST00000620676,-1.9941008,-1.5657718,-2.3045626,3.0875854,0.630327,-1.9941008,-1.5657718,-2.3045626,1.5652921,0.630327,0.9831123341612519,-1.7124243034174302
205,1:12362848:C:['T'],-1.2213439431735533,1:12362719-12362850:+,ENSE00003653511,ENSG00000048707,VPS13D,ENST00000613099,-2.6889815,4.05973,-4.367377,4.7385163,0.31735095,-2.6889815,4.05973,-4.4998107,3.2601147,0.31735095,0.9166656549243318,-1.8757009467720906
211,1:19243708:C:['T'],-3.254615477104793,1:19243613-19243707:-,ENSE00001676545,ENSG00000127463,EMC1,ENST00000375208,-3.394343,5.9687314,-2.9476027,2.7250192,0.059851855,-3.394343,1.4677212,-2.9476027,2.7250192,0.059851855,0.9999995408251036,-2.0609119369096907
215,1:21861754:T:['A'],-3.819958308276076,1:21861756-21861843:-,ENSE00000956525,ENSG00000142798,HSPG2,ENST00000374695,-4.040066,4.7827663,-3.2677073,2.9690764,0.26986468,-4.040066,4.7827663,-3.2677073,-2.1242826,0.26986468,0.9999969281465216,-5.442169732821507
216,1:228175032:A:['G'],-1.5853984853982659,1:228174691-228175029:+,ENSE00003721971,ENSG00000181873,IBA57,ENST00000546123,-3.615938,5.530794,-2.7262163,4.0243945,0.15417948,-3.615938,5.530794,-2.7262163,1.9099908,0.15417948,0.9794873702152614,-2.330845035118417
219,1:23694793:T:['A'],-2.968497725638858,1:23694659-23694791:+,ENSE00003542504,ENSG00000142676,RPL11,ENST00000374550,-3.3829288,5.552369,-3.872407,1.1028564,0.47812554,-3.3829288,5.552369,-3.872407,-2.8553963,0.47812554,0.9999737079016864,-4.2566251290220585
224,1:46189457:C:['A'],-4.972276472215699,1:46189457-46189567:-,ENSE00003618102,ENSG00000085998,POMGNT1,ENST00000371984,-3.7235305,2.4022033,-3.2511215,2.977184,0.40372756,-3.7235305,2.4022033,-3.2511215,-3.652363,0.40372756,0.9999999686842816,-7.046618146496075
227,21:46126476:T:['TGGCCCAGCCCGGCCC'],0.1757435385151908,21:46126502-46126541:+,ENSE00001110398,ENSG00000142173,COL6A2,ENST00000300527,-3.6889253,5.6356206,-3.541222,4.0766296,0.30734077,-3.7862604,6.0632257,-3.541222,4.0766296,0.30734077,0.01736269193881948,0.061666130711737835
231,2:151533439:T:['C'],-1.4902281154009682,2:151533441-151533546:-,ENSE00001713292,ENSG00000183091,NEB,ENST00000397345,-2.8961942,0.7944197,-3.4648757,3.9595459,0.5391739,-2.8961942,0.7944197,-3.4648757,1.9720165,0.5391739,0.9896401121377735,-2.1983330658121805
233,2:151610515:C:['T'],-4.508208393695569,2:151610515-151610623:-,ENSE00002430982,ENSG00000183091,NEB,ENST00000397345,-2.224503,2.4477654,-3.5508509,4.9074483,0.2956099,-2.224503,2.4477654,-3.5508509,-1.1034365,0.2956099,0.9999995002520699,-6.400465620467127
236,2:151663543:C:['T'],-3.7784470695718912,2:151663547-151663859:-,ENSE00002468013,ENSG00000183091,NEB,ENST00000409198,-2.330601,4.2837973,-2.883554,2.1351502,0.32267827,-2.330601,4.2837973,-2.883554,-2.9028687,0.32267827,0.9999976495537798,-5.384370903320382
239,2:151674586:T:['C'],-2.7689320103187254,2:151674476-151674584:-,ENSE00002528325,ENSG00000183091,NEB,ENST00000397345,-2.5484369,6.1239853,-4.5278354,3.3464482,0.75752974,-2.5484369,2.2945235,-4.5278354,3.3464482,0.75752974,0.9999942043772948,-1.7717002007214775
242,2:151682661:C:['T'],-3.622988095839188,2:151682661-151682769:-,ENSE00002436063,ENSG00000183091,NEB,ENST00000409198,-2.970307,4.027197,-3.8132849,3.6919057,0.33665523,-2.970307,4.027197,-3.8132849,-1.1388667,0.33665523,0.9999921449150333,-5.167915143442261
245,2:151688291:C:['T'],-4.304590645833392,2:151688291-151688396:-,ENSE00002533814,ENSG00000183091,NEB,ENST00000409198,-2.802498,3.5443997,-4.109876,4.043292,0.3578524,-2.802498,3.5443997,-4.109876,-1.6961441,0.3578524,0.9999992706636766,-6.1169552300411585
248,2:178529958:A:['T'],-4.00179209864531,2:178529959-178530116:-,ENSE00003811220,ENSG00000155657,TTN,ENST00000460472,-2.5638857,3.677822,-4.5765047,5.173316,0.5831205,-2.5638857,3.677822,-4.5765047,-0.16245091,0.5831205,0.9999961414876387,-5.695348885628507
254,2:178581491:ATACT:['A'],-4.987868404420025,2:178581498-178581804:-,ENSE00003808853,ENSG00000155657,TTN,ENST00000591111,-2.7284636,2.4778016,-3.8513718,3.9400072,0.45482907,-2.7284636,2.4778016,-3.8513718,-3.1599507,0.527154,0.9999999521704402,-7.537931604446881
260,2:178622768:C:['T'],-2.672098865140778,2:178622669-178622767:-,ENSE00003807497,ENSG00000155657,TTN,ENST00000342175,-2.2716134,2.9034097,-3.4897513,2.0635767,0.44376558,-2.2716134,-0.79216206,-3.4897513,2.0635767,0.44376558,0.9999971093952343,-1.7140386084445158
266,2:178642237:C:['G'],-4.119897530032713,2:178642236-178642317:-,ENSE00003804802,ENSG00000155657,TTN,ENST00000342992,-2.5795662,-0.15882081,-2.2235327,2.63339,0.78900623,-2.5795662,-0.15882081,-2.8330379,-2.1663897,0.78900623,0.9999975638000438,-6.097979552887922
273,2:214955362:C:['G'],-2.0166072292938453,2:214955201-214955361:-,ENSE00000965205,ENSG00000144452,ABCA12,ENST00000389661,-2.749995,6.794078,-4.0859504,5.5088696,0.58722734,-2.749995,4.0048456,-4.0859504,5.5088696,0.58722734,0.9991385648453576,-1.3237105717200388
275,2:227284346:G:['A'],-3.8156743410020013,2:227284210-227284345:+,ENSE00001525608,ENSG00000169031,COL4A3,ENST00000396578,-2.5909061,0.7488966,-3.1760678,4.024253,0.55125105,-2.5909061,0.7488966,-3.1760678,-1.0633951,0.55125105,0.9999973157048699,-5.436204883258064
277,2:237359089:C:['T'],-2.9077252941783853,2:237359034-237359088:-,ENSE00002295088,ENSG00000163359,COL6A3,ENST00000295550,-2.5971894,3.5669227,-1.6734402,2.7411008,0.27050543,-2.5971894,-0.4544469,-1.6734402,2.7411008,0.27050543,0.9999981433336413,-1.854347952480334
280,2:27207256:A:['G'],-0.49255385544153946,2:27207257-27207790:-,ENSE00003635080,ENSG00000138074,SLC5A6,ENST00000412471,-3.0913494,2.599889,-3.2008462,4.150864,0.06731056,-3.0913494,2.599889,-3.2008462,3.4933627,0.06731056,0.6153611140612955,-0.8092055367596008
287,2:47805032:GTTT:['CATTATTGTCAGG'],-4.398476914348458,2:47804901-47805027:+,ENSE00003726567,ENSG00000116062,MSH6,ENST00000622629,-2.902117,-3.7531838,-4.5592494,5.181735,0.8736183,-2.902117,-3.7531838,-4.5592494,0.7241659,0.6472888,0.9999707418897281,-4.778128634406375
295,3:111577548:AGGTATGTAAATTGCTGCAG:['A'],-6.164572606468672,3:111577501-111577549:+,ENSE00001391787,ENSG00000153283,CD96,ENST00000283285,-2.6851044,5.7456517,-4.265207,4.246522,0.23165768,-2.6851044,5.7456517,-5.219367,-3.338058,0.3042201,0.9999999696511914,-9.55074643767552
296,3:169112783:T:['A'],-2.1618227891877084,3:169112786-169112874:-,ENSE00002067672,ENSG00000085276,MECOM,ENST00000464456,-2.0858207,1.5891726,-4.400348,5.4227724,0.3551975,-2.0858207,1.5891726,-4.400348,2.539921,0.3551975,0.9977050675785248,-3.1334385277494134
305,3:41224951:C:['A'],-2.182679672778821,3:41224953-41225207:+,ENSE00003593193,ENSG00000168036,CTNNB1,ENST00000645900,-2.314504,0.93109465,-3.5153894,5.5783978,0.39774835,-2.314504,-2.0877638,-3.5153894,5.5783978,0.39774835,0.9998590693293089,-1.4226023458855055
350,3:9442123:C:['G'],-0.91625973612112,3:9442127-9442245:+,ENSE00003689203,ENSG00000168137,SETD5,ENST00000406341,-2.7424128,0.86849034,-4.1283298,4.632849,0.063968204,-2.7424128,-0.39930594,-4.1283298,4.632849,0.063968204,0.9649503272997968,-0.6684825669112885
362,4:102722870:C:['T'],-3.775214332139889,4:102722870-102723041:-,ENSE00003652457,ENSG00000109323,MANBA,ENST00000645348,-2.5422785,1.6280843,-3.2914705,3.4664674,0.33905208,-2.5422785,1.6280843,-3.2914705,-1.5672419,0.33905208,0.9999972617557213,-5.379869750247458
373,4:15502924:G:['T'],-5.349035959956394,4:15502821-15502923:+,ENSE00003574573,ENSG00000048342,CC2D2A,ENST00000651385,-2.5495849,1.3881533,-2.7866669,3.489514,0.47252738,-2.5495849,1.3881533,-2.7866669,-3.6423016,0.47252738,0.9999999902008415,-7.571205175807257
385,4:15596210:A:['G'],-2.436498344899815,4:15595871-15596207:+,ENSE00002038121,ENSG00000048342,CC2D2A,ENST00000513035,-1.2655714,1.5737021,-4.665901,3.4549317,0.6921651,-1.2655714,1.5737021,-4.665901,0.20590264,0.6921651,0.9997078248359711,-3.515887380356896
394,5:112775743:T:['A'],-1.3686214073201046,5:112775628-112775737:+,ENSE00000917798,ENSG00000134982,APC,ENST00000508376,-2.7145991,0.5901426,-4.121758,4.1188536,0.78923994,-2.7145991,0.5901426,-4.121758,2.2934415,0.78923994,0.9846467273172,-2.0290120432176337
399,5:119506890:G:['C'],-3.1865127439971874,5:119506817-119506889:+,ENSE00003569318,ENSG00000133835,HSD17B4,ENST00000647342,-2.0830681,5.0515456,-3.9256854,1.1722645,0.7385715,-2.0830681,5.0515456,-3.9256854,-3.07663,0.7385715,0.9999881640583265,-4.560181786643731
431,6:135429877:C:['T'],-3.472731618892109,6:135429881-135430000:-,ENSE00003597243,ENSG00000135541,AHI1,ENST00000265602,-2.6261759,1.9507248,-4.46015,4.2648187,0.4494069,-2.6261759,1.9507248,-4.46015,-0.36564255,0.4494069,0.9999885295967146,-4.958703162214912
474,6:31861188:C:['T'],-2.54265870548116,6:31861187-31861450:-,ENSE00003514913,ENSG00000204386,NEU1,ENST00000491768,-3.269308,4.4516993,-3.548431,-0.57030845,0.08504471,-3.269308,4.4516993,-3.7351527,-3.7484288,0.08504471,0.9999366712456507,-3.736669277827796
478,7:150957276:CCGCTGGGCGC:['GT'],-0.5312775847060138,7:150957290-150957502:-,ENSE00003477954,ENSG00000055118,KCNH2,ENST00000532957,-4.251433,4.5706067,-3.2804012,5.697149,0.08997464,-4.251433,4.5706067,-3.2804012,3.6218932,0.30972528,0.8753441064436466,-2.2899574032628673
481,7:21600934:A:['C'],-0.5308336086036332,7:21600675-21600930:+,ENSE00003694918,ENSG00000105877,DNAH11,ENST00000328843,-2.669377,2.5260699,-3.4493384,4.801534,0.86810887,-2.669377,2.5260699,-3.4493384,4.093001,0.86810887,0.5826005757274948,-0.8625049562765124
484,7:24706179:C:['T'],-1.0587806217020626,7:24706183-24706376:-,ENSE00000673962,ENSG00000105928,GSDME,ENST00000409970,-3.9434237,5.1766834,-3.4378695,5.5860877,0.119027406,-3.9434237,5.1766834,-3.4378695,4.173733,0.119027406,0.7856358229034759,-1.597600326789464
489,7:42076747:C:['T'],-3.7471991820376402,7:42076751-42076857:-,ENSE00003467890,ENSG00000106571,GLI3,ENST00000395925,-2.9958394,3.73904,-4.086336,3.3423145,0.361681,-2.9958394,3.73904,-4.086336,-1.6540473,0.361681,0.9999961977209951,-5.3408624130839675
494,7:87426747:T:['A'],-3.3567218423394167,7:87426749-87426920:-,ENSE00003599345,ENSG00000005471,ABCB4,ENST00000453593,-2.7326274,2.213217,-3.4326797,3.55516,0.67965055,-2.7326274,2.213217,-3.4326797,-0.920645,0.67965055,0.9999862600183587,-4.797175115720922
500,7:87449963:C:['T'],-1.2468463200462654,7:87449967-87450092:-,ENSE00000918895,ENSG00000005471,ABCB4,ENST00000359206,-2.937422,4.097337,-3.616651,1.4148295,0.52305925,-2.937422,4.097337,-3.616651,-0.24824077,0.52305925,0.98828049318648,-1.8594565751916772
506,7:87454532:T:['TAA'],-3.060367874724624,7:87454534-87454592:-,ENSE00003611473,ENSG00000005471,ABCB4,ENST00000453593,-2.4886758,3.2205057,-3.2705917,1.3801125,0.72511774,-2.4886758,3.2205057,-3.2705917,-2.6371768,0.7149133,0.9999413985328801,-4.318284900014425
513,7:97853059:C:['T'],-2.946228750226265,7:97853059-97853215:-,ENSE00003504228,ENSG00000070669,ASNS,ENST00000487714,-2.849697,2.7232344,-3.0965118,3.6277149,0.69267637,-2.849697,2.7232344,-3.0965118,-0.30085045,0.69267637,0.9999289360963787,-4.225618569034547
525,8:15650814:G:['A'],-3.5451735084696465,8:15650696-15650814:+,ENSE00003583188,ENSG00000104723,TUSC3,ENST00000503731,-2.5969813,1.0882087,-3.376882,3.5573888,0.7365732,-2.5969813,1.0882087,-3.8981633,-0.5765828,0.7365732,0.9999737809969118,-5.263276997563083
533,9:104796306:T:['G'],-3.2243348419762485,9:104796308-104796424:-,ENSE00001089494,ENSG00000165029,ABCA1,ENST00000374736,-2.5940344,3.0688477,-3.588942,5.043877,0.14067167,-2.5940344,3.0688477,-3.588942,0.7445606,0.14067167,0.9999399733408215,-4.612843982731033
535,9:127675942:G:['C'],-3.097409493172587,9:127675803-127675942:+,ENSE00003577740,ENSG00000136854,STXBP1,ENST00000636962,-3.1838217,3.2446907,-2.688928,1.9619341,-0.2974822,-3.1838217,3.2446907,-2.9448228,-1.8770418,-0.2974822,0.9999612970245152,-4.536117028339795
549,9:132921360:T:['C'],-2.078413298955547,9:132921362-132921436:-,ENSE00003579149,ENSG00000165699,TSC1,ENST00000440111,-2.5393112,-1.2445245,-2.054089,2.8120415,0.29630357,-2.5393112,-1.2445245,-2.054089,0.040385723,0.29630357,0.9994411062823817,-3.0173020053232964
576,9:34658683:G:['A'],-3.6526149649337967,9:34658519-34658683:+,ENSE00003658630,ENSG00000137070,IL11RA,ENST00000555247,-3.2467353,2.2729578,-3.0075464,4.464944,0.0934865,-3.2467353,2.2729578,-3.2979546,-0.07492632,0.0934865,0.9999822652199215,-5.322653355260256
582,9:69046380:T:['G'],-2.1212830703577006,9:69046384-69046482:+,ENSE00003532023,ENSG00000285130,nan,ENST00000643765,-2.3998647,2.9943993,-3.2526069,3.58303,0.3964147,-2.3998647,0.06043315,-3.2526069,3.58303,0.3964147,0.9999008290563771,-1.3860422832180006
592,9:74816662:A:['C'],-0.9618584952344106,9:74816668-74816769:-,ENSE00000917566,ENSG00000119121,TRPM6,ENST00000360774,-2.6287072,3.3440418,-4.1139317,2.3758953,0.49307966,-2.6287072,3.3440418,-4.1139317,1.8291004,0.37463316,0.4851458947138538,-0.6935797393253273
595,X:120442596:T:['A'],-2.50526161738503,X:120442598-120442662:-,ENSE00000374515,ENSG00000005893,LAMP2,ENST00000371335,-2.5748832,1.4243019,-3.4421163,4.934905,0.37801817,-2.5748832,1.4243019,-3.4421163,1.5942056,0.37801817,0.9994580767673755,-3.611631009946819
599,X:153783256:G:['C'],-3.39814330265287,X:153783225-153783251:+,ENSE00001324390,ENSG00000184343,SRPK3,ENST00000393786,-4.28448,1.8733506,-3.63549,6.100771,-0.034082383,-4.28448,1.8733506,-3.63549,1.5697455,-0.034082383,0.9999584880928538,-4.854848940860319
605,X:154380231:A:['G'],-0.9774977016841828,X:154380233-154380367:+,ENSE00003668083,ENSG00000102119,EMD,ENST00000684633,-4.4829726,2.3437607,-2.516203,5.6488624,0.2566303,-4.4829726,0.9912915,-2.516203,5.6488624,0.2566303,0.9367504154755691,-0.7049481655002736
614,X:154412214:G:['C'],-4.91462234693229,X:154412202-154412214:+,ENSE00001864096,ENSG00000102125,TAZ,ENST00000483780,-1.2655714,1.5490198,-3.1720452,0.440786,-0.030036092,-1.2655714,1.5490198,-6.6808434,-2.1199265,-0.030036092,0.998882967552879,-8.337523710322413
615,X:32386309:C:['T'],-3.770388117693108,X:32386309-32386465:-,ENSE00001436039,ENSG00000198947,DMD,ENST00000619831,-2.1539373,2.3132489,-3.178249,3.184408,0.5080531,-2.1539373,2.3132489,-3.178249,-1.8428677,0.5080531,0.9999972053013052,-5.373149894260188
618,X:32573525:C:['T'],-3.633602333866922,X:32573529-32573637:-,ENSE00003918145,ENSG00000198947,DMD,ENST00000682899,-2.933434,2.3782735,-4.1036196,0.5990867,0.9268282,-2.933434,2.3782735,-4.1036196,-4.245836,0.9268282,0.9999990432724323,-5.18269404557094
621,X:32595757:C:['T'],-3.482625107381181,X:32595756-32595876:-,ENSE00003917176,ENSG00000198947,DMD,ENST00000682924,-2.5636318,5.9683566,-3.2718344,1.8267518,1.010524,-2.5636318,5.9683566,-3.7232885,-2.3032773,1.010524,0.9999737667487194,-5.148899456156856
630,X:49075359:C:['G'],-5.73266474647797,X:49075363-49075465:-,ENSE00003884204,ENSG00000196998,WDR45,ENST00000322995,-3.3464148,0.52979064,-4.0839357,5.397167,0.3776272,-3.3464148,0.52979064,-4.0839357,-2.2460752,0.3776272,0.9999999951270417,-8.10535678187939
648,X:68212104:T:['C'],-2.4996787249079992,X:68212107-68212212:-,ENSE00003910279,ENSG00000079482,OPHN1,ENST00000679914,-2.747374,3.9512124,-4.5949793,2.214955,0.52439123,-2.747374,3.9512124,-4.5949793,-1.1183015,0.52439123,0.9998211639974861,-3.603857581341074
